timestamp,airquality_raw,dust,humidity,light,sound,source,temperature,city
2015-03-17 17:00:00,20.8443602693603,1279.85728170595,43.7215544332211,83.7900673400673,1835.42065095398,ci4yfbbdb000d03zzoq8kjdl0,19.9308529741863,San Francisco
2015-03-17 18:00:00,20.6158850952969,1371.44733265754,47.5343233563822,41.1557932263815,1840.4497384968,ci4yfbbdb000d03zzoq8kjdl0,18.4012470862471,San Francisco
2015-03-17 19:00:00,20.4784382284382,1466.22132010666,47.6193923500742,4.40151515151515,1721.28293423748,ci4yfbbdb000d03zzoq8kjdl0,18.0377242706788,San Francisco
2015-03-17 20:00:00,20.5028250915751,1468.49870508242,48.4469647435897,0.0,1734.0536996337,ci4yfbbdb000d03zzoq8kjdl0,17.4610357142857,San Francisco
2015-03-17 21:00:00,21.1347222222222,1464.02896527778,48.0319047619048,1.75,1736.93988095238,ci4yfbbdb000d03zzoq8kjdl0,17.6576785714286,San Francisco
2015-03-17 22:00:00,22.8947222222222,1373.83353373016,48.2615376984127,0.155555555555556,1767.84007936508,ci4yfbbdb000d03zzoq8kjdl0,18.27375,San Francisco
2015-03-17 23:00:00,23.2079448329448,1365.25437921955,48.3415345765346,0.311111111111111,1796.54229474229,ci4yfbbdb000d03zzoq8kjdl0,18.2143138651472,San Francisco
2015-03-18 00:00:00,24.3179114538712,1164.31629805316,49.1992230654622,0.0,1785.60652020494,ci4yfbbdb000d03zzoq8kjdl0,17.7974908424908,San Francisco
2015-03-18 01:00:00,24.2742534999114,1275.2715552929,49.2323458741551,0.0,1806.92635123161,ci4yfbbdb000d03zzoq8kjdl0,17.4036168071694,San Francisco
2015-03-18 02:00:00,24.0240426240426,1231.20550999001,49.7195421245421,0.0,1777.96461316461,ci4yfbbdb000d03zzoq8kjdl0,16.9754834054834,San Francisco
2015-03-18 03:00:00,24.1211080586081,1353.78808681319,50.6277316849817,0.0,1801.14831501832,ci4yfbbdb000d03zzoq8kjdl0,16.5488287545788,San Francisco
2015-03-18 04:00:00,23.8686184089532,1305.68187040039,51.0972120828661,0.0,1775.92878004205,ci4yfbbdb000d03zzoq8kjdl0,16.3975194061543,San Francisco
2015-03-18 05:00:00,22.975937950938,1333.79369137807,52.4096771284271,0.0,1684.02871572872,ci4yfbbdb000d03zzoq8kjdl0,16.3938852813853,San Francisco
2015-03-18 06:00:00,23.0446198830409,1177.60692790309,50.9158671679198,0.544444444444445,1778.91759398496,ci4yfbbdb000d03zzoq8kjdl0,16.9142397660819,San Francisco
2015-03-18 07:00:00,25.0149449035813,1271.9544455267,53.7420169224715,21.504132231405,1856.44908828545,ci4yfbbdb000d03zzoq8kjdl0,16.6552941755214,San Francisco
2015-03-18 08:00:00,26.4941346235464,1459.50587955359,52.1529410349999,87.3986461251167,1811.82200364994,ci4yfbbdb000d03zzoq8kjdl0,17.3511017917268,San Francisco
2015-03-18 09:00:00,27.2004247015611,1306.87329763545,49.9975780532599,165.880567033976,1814.29912764004,ci4yfbbdb000d03zzoq8kjdl0,18.9099621212121,San Francisco
2015-03-18 10:00:00,25.5923806132139,1468.44426823023,45.7692302604803,148.87967032967,1870.09717813051,ci4yfbbdb000d03zzoq8kjdl0,19.7976343101343,San Francisco
2015-03-18 11:00:00,25.117344447384,1382.78105398159,45.6478590908433,137.354110579802,1764.19017293642,ci4yfbbdb000d03zzoq8kjdl0,20.6857363848273,San Francisco
2015-03-18 12:00:00,23.2721088435374,1475.95996598639,42.0977891156463,157.714285714286,1843.70068027211,ci4yfbbdb000d03zzoq8kjdl0,21.0829931972789,San Francisco
2015-03-18 13:00:00,21.3626139012503,1258.36112645688,36.4597059758423,1685.27455499046,1794.45710955711,ci4yfbbdb000d03zzoq8kjdl0,22.1674475524476,San Francisco
2015-03-18 14:00:00,21.6744708994709,1329.45496584897,27.7905062530063,3082.01136363636,1944.57556517557,ci4yfbbdb000d03zzoq8kjdl0,27.1982082732083,San Francisco
2015-03-18 15:00:00,20.8655122655123,1426.78905419272,33.0122426647427,231.879333012666,1962.33501683502,ci4yfbbdb000d03zzoq8kjdl0,23.0346416546417,San Francisco
2015-03-18 16:00:00,21.0009076707606,1257.61642559565,37.7415235091706,150.920141786318,1918.54583521054,ci4yfbbdb000d03zzoq8kjdl0,21.7063907742584,San Francisco
2015-03-18 17:00:00,20.9877661227661,1420.70504524978,46.6830723428618,87.6268196715565,1785.09888123572,ci4yfbbdb000d03zzoq8kjdl0,19.6973195517932,San Francisco
2015-03-18 18:00:00,21.0732506818517,1285.30826635369,51.9273758845644,49.6635752985405,1917.58950992678,ci4yfbbdb000d03zzoq8kjdl0,18.417798709396,San Francisco
2015-03-18 19:00:00,21.3872619047619,1716.24770833333,54.0842738095238,5.44,1770.91857142857,ci4yfbbdb000d03zzoq8kjdl0,17.6681904761905,San Francisco
2015-03-18 20:00:00,21.0666072489602,1528.43126222114,53.4578669043375,0.707070707070707,1908.7265056987,ci4yfbbdb000d03zzoq8kjdl0,17.6420231729055,San Francisco
2015-03-18 21:00:00,23.2481546231546,1377.80710442335,51.2731027306027,0.0,1812.39546009546,ci4yfbbdb000d03zzoq8kjdl0,18.1839424464424,San Francisco
2015-03-18 22:00:00,23.5214517657031,1430.15756388027,51.1832660729051,0.0,1775.52091046209,ci4yfbbdb000d03zzoq8kjdl0,18.0385780885781,San Francisco
2015-03-18 23:00:00,23.3714285714286,1738.88247619048,52.0452380952381,0.2,1649.00952380952,ci4yfbbdb000d03zzoq8kjdl0,17.8157142857143,San Francisco
2015-03-19 00:00:00,23.1745230078563,1604.46849326599,53.3727974186308,0.98989898989899,1745.43658810325,ci4yfbbdb000d03zzoq8kjdl0,17.3512345679012,San Francisco
2015-03-19 01:00:00,23.6705291603821,1415.10144698341,53.3095110608346,0.0,1714.44101558572,ci4yfbbdb000d03zzoq8kjdl0,17.5338092006033,San Francisco
2015-03-19 02:00:00,23.3203703703704,1398.64264814815,53.3543981481481,0.583333333333333,1795.41296296296,ci4yfbbdb000d03zzoq8kjdl0,17.2648148148148,San Francisco
2015-03-19 03:00:00,23.7662012987013,1415.68780627706,53.7928982683983,0.0,1838.20982683983,ci4yfbbdb000d03zzoq8kjdl0,16.8641818181818,San Francisco
2015-03-19 04:00:00,23.7280497280497,1382.53948873349,54.2023543123543,1.27272727272727,1690.77871017871,ci4yfbbdb000d03zzoq8kjdl0,16.4933721833722,San Francisco
2015-03-19 05:00:00,24.7138852813853,1412.99597337662,54.9081071428571,0.7,1742.32640692641,ci4yfbbdb000d03zzoq8kjdl0,16.2780303030303,San Francisco
2015-03-19 06:00:00,26.4099206349206,1429.51617460317,55.904246031746,0.0,1697.30793650794,ci4yfbbdb000d03zzoq8kjdl0,16.1733333333333,San Francisco
2015-03-19 07:00:00,29.7888888888889,1577.30778055556,58.64725,17.3266666666667,1833.03777777778,ci4yfbbdb000d03zzoq8kjdl0,16.2791111111111,San Francisco
2015-03-19 08:00:00,29.8287337662338,1461.58770675915,57.2476357733176,90.5052243211334,1902.3165879575,ci4yfbbdb000d03zzoq8kjdl0,17.1864757969303,San Francisco
2015-03-19 09:00:00,27.9338458110517,1336.30891895849,53.8165087853323,180.726531066972,1839.91110262287,ci4yfbbdb000d03zzoq8kjdl0,19.117984784823,San Francisco
2015-03-19 10:00:00,27.7392633682107,1468.0064022089,51.0643950201845,175.633854741749,1877.84904569115,ci4yfbbdb000d03zzoq8kjdl0,20.333650384703,San Francisco
2015-03-19 11:00:00,27.4726510894213,1372.37619052549,46.3800463373755,218.904904860495,1789.93033619245,ci4yfbbdb000d03zzoq8kjdl0,21.7446204278813,San Francisco
2015-03-19 12:00:00,28.8839912280702,736.256300438597,41.6292324561404,454.328289473684,1892.33245614035,ci4yfbbdb000d03zzoq8kjdl0,23.8845614035088,San Francisco
2015-03-19 13:00:00,25.6785714285714,835.706107142857,39.855,1837.47380952381,1765.76666666667,ci4yfbbdb000d03zzoq8kjdl0,24.997619047619,San Francisco
2015-03-19 14:00:00,26.7678571428571,1057.39151428571,33.258,5506.05357142857,1861.5219047619,ci4yfbbdb000d03zzoq8kjdl0,29.037380952381,San Francisco
2015-03-19 15:00:00,26.2708333333333,715.376458333333,32.63125,301.5,1918.33333333333,ci4yfbbdb000d03zzoq8kjdl0,27.05,San Francisco
2015-03-19 16:00:00,23.0221088435374,706.236088435374,36.8343537414966,149.454081632653,1682.98639455782,ci4yfbbdb000d03zzoq8kjdl0,24.2074829931973,San Francisco
2015-03-19 17:00:00,23.4572916666667,838.798088541667,38.4783854166667,100.944791666667,1854.31875,ci4yfbbdb000d03zzoq8kjdl0,23.06875,San Francisco
2015-03-19 18:00:00,22.2555555555556,678.812618055556,39.9123611111111,42.6875,1893.04444444444,ci4yfbbdb000d03zzoq8kjdl0,21.7625,San Francisco
2015-03-19 19:00:00,21.9738095238095,582.76069047619,49.0985714285714,7.02857142857143,1806.66666666667,ci4yfbbdb000d03zzoq8kjdl0,19.132619047619,San Francisco
2015-03-19 20:00:00,21.1565375982043,762.990451178451,54.9902328843995,0.0,1807.42828282828,ci4yfbbdb000d03zzoq8kjdl0,17.7584848484848,San Francisco
2015-03-19 21:00:00,21.3085858585859,954.330363636364,55.2666161616162,0.0,1765.54494949495,ci4yfbbdb000d03zzoq8kjdl0,17.6133333333333,San Francisco
2015-03-19 22:00:00,22.2217261904762,757.018267113095,52.352150297619,0.25,1664.29861111111,ci4yfbbdb000d03zzoq8kjdl0,18.1644469246032,San Francisco
2015-03-19 23:00:00,21.6,925.379,52.4366666666667,0.0,1804.93333333333,ci4yfbbdb000d03zzoq8kjdl0,17.9866666666667,San Francisco
2015-03-20 00:00:00,21.5070346320346,752.958345238095,52.2648484848485,0.0,1775.81688311688,ci4yfbbdb000d03zzoq8kjdl0,17.8357142857143,San Francisco
2015-03-20 01:00:00,21.4134259259259,714.894611111111,51.5253703703704,1.55555555555556,1752.59074074074,ci4yfbbdb000d03zzoq8kjdl0,17.6162037037037,San Francisco
2015-03-20 02:00:00,21.3244047619048,911.391347222222,50.6752777777778,0.0,1689.44126984127,ci4yfbbdb000d03zzoq8kjdl0,17.5505555555556,San Francisco
2015-03-20 03:00:00,22.6666666666667,584.09,50.8,0.0,1751.33333333333,ci4yfbbdb000d03zzoq8kjdl0,17.25,San Francisco
2015-03-20 04:00:00,21.8662698412698,633.294317460318,51.9002777777778,0.0,1744.88095238095,ci4yfbbdb000d03zzoq8kjdl0,17.0083333333333,San Francisco
2015-03-20 05:00:00,22.4819047619048,718.855828571429,51.7406666666667,0.0,1869.49333333333,ci4yfbbdb000d03zzoq8kjdl0,16.93,San Francisco
2015-03-20 06:00:00,24.2260683760684,879.042944219523,52.5625072296125,0.0,1805.38115802326,ci4yfbbdb000d03zzoq8kjdl0,16.5924561403509,San Francisco
2015-03-20 07:00:00,26.3761904761905,860.409714285714,53.5923809523809,18.5238095238095,1794.07619047619,ci4yfbbdb000d03zzoq8kjdl0,16.8380952380952,San Francisco
2015-03-20 08:00:00,26.92,897.956433333333,53.2246666666667,102.52,1899.84,ci4yfbbdb000d03zzoq8kjdl0,17.581,San Francisco
2015-03-20 09:00:00,22.5833333333333,797.664333333333,52.255,251.2,1597.4,ci4yfbbdb000d03zzoq8kjdl0,18.545,San Francisco
2015-03-20 10:00:00,22.9690476190476,531.46537414966,50.4263945578231,292.1,1708.43401360544,ci4yfbbdb000d03zzoq8kjdl0,19.3133333333333,San Francisco
2015-03-20 11:00:00,23.0,525.657333333333,48.2166666666667,351.266666666667,1684.93333333333,ci4yfbbdb000d03zzoq8kjdl0,20.1433333333333,San Francisco
2015-03-20 12:00:00,21.7333333333333,536.261333333333,49.8155555555556,382.4,1949.77777777778,ci4yfbbdb000d03zzoq8kjdl0,19.66,San Francisco
2015-03-20 13:00:00,22.3678571428571,808.534869047619,40.4687351190476,1438.13318452381,1892.0130952381,ci4yfbbdb000d03zzoq8kjdl0,22.0884375,San Francisco
2015-03-20 14:00:00,22.8619791666667,927.913307291667,37.30390625,726.081770833333,1842.22291666667,ci4yfbbdb000d03zzoq8kjdl0,23.920625,San Francisco
2015-03-20 15:00:00,22.2556689342404,689.704416099773,45.4815476190476,407.136337868481,1713.09070294785,ci4yfbbdb000d03zzoq8kjdl0,21.2592403628118,San Francisco
2015-03-20 16:00:00,21.8388888888889,614.187388888889,45.0905555555556,264.566666666667,1712.95555555556,ci4yfbbdb000d03zzoq8kjdl0,20.6666666666667,San Francisco
2015-03-18 05:30:00,23.2750957854406,626.177392720307,45.1458429118774,2205.01877394636,1864.65287356322,ci4yhy9yy000f03zznho5nm7c,18.2666858237548,Bangalore
2015-03-18 06:30:00,25.7865900383142,617.755804597701,49.7634770114943,1077.26063218391,1960.27777777778,ci4yhy9yy000f03zznho5nm7c,16.6466954022988,Bangalore
2015-03-18 07:30:00,23.9725095785441,529.122062260536,49.9595498084291,100.316379310345,1874.41494252874,ci4yhy9yy000f03zznho5nm7c,16.2609865900383,Bangalore
2015-03-18 08:30:00,23.0960727969349,567.921492337165,52.1461877394636,0.0,1929.95440613027,ci4yhy9yy000f03zznho5nm7c,15.4547222222222,Bangalore
2015-03-18 09:30:00,23.4297892720307,502.862051724138,51.2179118773946,0.0,1796.25593869732,ci4yhy9yy000f03zznho5nm7c,15.7661973180077,Bangalore
2015-03-18 10:30:00,28.9750957854406,337.114454980843,47.3177490421456,0.0,1714.86590038314,ci4yhy9yy000f03zznho5nm7c,17.9896455938697,Bangalore
2015-03-18 11:30:00,32.9156130268199,340.255983716475,46.4011111111111,0.0,1636.52643678161,ci4yhy9yy000f03zznho5nm7c,18.130622605364,Bangalore
2015-03-18 12:30:00,30.3588122605364,361.922712643678,45.7394540229885,0.0,1659.2816091954,ci4yhy9yy000f03zznho5nm7c,17.7104406130268,Bangalore
2015-03-18 13:30:00,37.2434865900383,398.221381226054,47.7334195402299,0.0,1661.29808429119,ci4yhy9yy000f03zznho5nm7c,17.5237260536398,Bangalore
2015-03-18 14:30:00,30.4975095785441,291.360889846743,45.4449521072797,0.0,1610.16590038314,ci4yhy9yy000f03zznho5nm7c,17.6218965517241,Bangalore
2015-03-18 15:30:00,28.9543103448276,328.695929118774,44.9659674329502,0.0,1611.01915708812,ci4yhy9yy000f03zznho5nm7c,17.6308045977012,Bangalore
2015-03-18 16:30:00,36.2956896551724,356.64738697318,47.3506800766284,0.0,1631.52681992337,ci4yhy9yy000f03zznho5nm7c,17.2553448275862,Bangalore
2015-03-18 17:30:00,32.6276819923372,345.725699233717,47.3225,0.0,1612.58084291188,ci4yhy9yy000f03zznho5nm7c,17.0915229885057,Bangalore
2015-03-18 18:30:00,31.2553639846743,416.907774904214,46.8307662835249,0.972222222222222,1640.06704980843,ci4yhy9yy000f03zznho5nm7c,17.0461494252873,Bangalore
2015-03-18 19:30:00,31.7022030651341,382.435247126437,45.2590134099617,976.763218390804,1667.8938697318,ci4yhy9yy000f03zznho5nm7c,17.8122892720307,Bangalore
2015-03-18 20:30:00,28.1318965517241,411.682574712644,33.163908045977,5611.95143678161,1785.83524904215,ci4yhy9yy000f03zznho5nm7c,24.9052681992337,Bangalore
2015-03-18 21:30:00,27.6069923371648,394.150310344828,30.7390804597701,6504.57260536398,1768.77624521073,ci4yhy9yy000f03zznho5nm7c,25.4826245210728,Bangalore
2015-03-18 22:30:00,24.9882183908046,380.443222222222,30.0518486590038,6371.19281609195,1710.4662835249,ci4yhy9yy000f03zznho5nm7c,25.2156992337165,Bangalore
2015-03-18 23:30:00,25.6852490421456,488.612627394636,32.441561302682,5378.32107279694,1738.68237547893,ci4yhy9yy000f03zznho5nm7c,24.9992911877395,Bangalore
2015-03-19 00:30:00,26.1455938697318,524.68911302682,32.5297318007663,4971.52940613027,1745.61800766284,ci4yhy9yy000f03zznho5nm7c,25.0274808429119,Bangalore
2015-03-19 01:30:00,24.8793311677495,574.020946526737,30.5750862068965,4062.4322505414,1778.25902048976,ci4yhy9yy000f03zznho5nm7c,24.5662210561386,Bangalore
2015-03-19 02:30:00,24.085153256705,810.766810344828,32.0264367816092,3440.13477011494,1800.80881226054,ci4yhy9yy000f03zznho5nm7c,23.4248659003831,Bangalore
2015-03-19 03:30:00,25.0068007662835,490.348899425287,32.8251149425287,3436.54492337165,1779.67739463602,ci4yhy9yy000f03zznho5nm7c,23.2606513409962,Bangalore
2015-03-19 04:30:00,28.5437739463602,378.951058429119,32.4633716475096,3231.18362068966,1798.18965517241,ci4yhy9yy000f03zznho5nm7c,25.1833908045977,Bangalore
2015-03-19 05:30:00,26.3074712643678,547.125334291188,40.5392432950192,2510.78093869732,1793.82873563218,ci4yhy9yy000f03zznho5nm7c,21.1654789272031,Bangalore
2015-03-19 06:30:00,26.3057471264368,584.085891762452,43.6277298850575,1476.11848659004,1881.18850574713,ci4yhy9yy000f03zznho5nm7c,20.3823946360153,Bangalore
2015-03-19 07:30:00,26.0939655172414,595.822828544061,43.9705747126437,127.719157088123,1872.86513409962,ci4yhy9yy000f03zznho5nm7c,20.2356513409962,Bangalore
2015-03-19 08:30:00,35.8528735632184,602.21680651341,45.2890229885057,0.0,1886.28888888889,ci4yhy9yy000f03zznho5nm7c,19.8995593869732,Bangalore
2015-03-19 09:30:00,38.00469348659,793.494931034483,46.6010057471264,0.0,1853.61187739464,ci4yhy9yy000f03zznho5nm7c,20.6918199233717,Bangalore
2015-03-19 10:30:00,34.3157088122605,743.219698275862,45.7468965517241,0.0,1865.33831417625,ci4yhy9yy000f03zznho5nm7c,20.1266666666667,Bangalore
2015-03-19 11:30:00,32.8066091954023,665.954475095785,46.7352107279694,0.0,1865.41417624521,ci4yhy9yy000f03zznho5nm7c,19.5117528735632,Bangalore
2015-03-19 12:30:00,29.4852490421456,755.652697318008,48.2533524904215,0.0,1783.1662835249,ci4yhy9yy000f03zznho5nm7c,18.5122796934866,Bangalore
2015-03-19 13:30:00,29.4735632183908,738.228553639847,48.8468103448276,0.0,1688.37777777778,ci4yhy9yy000f03zznho5nm7c,18.3636685823755,Bangalore
2015-03-19 14:30:00,31.6255747126437,587.997868773946,46.4240229885057,0.0,1728.97279693487,ci4yhy9yy000f03zznho5nm7c,18.897662835249,Bangalore
2015-03-19 15:30:00,37.0704980842912,621.47259770115,46.305785440613,0.0,1735.78390804598,ci4yhy9yy000f03zznho5nm7c,18.5232183908046,Bangalore
2015-03-19 16:30:00,30.4204980842912,617.913474137931,48.7449808429119,0.0,1750.00229885058,ci4yhy9yy000f03zznho5nm7c,17.6173563218391,Bangalore
2015-03-19 17:30:00,30.7817049808429,527.640755747126,45.9538697318008,0.0,1781.89923371648,ci4yhy9yy000f03zznho5nm7c,18.2777586206897,Bangalore
2015-03-19 18:30:00,32.2062260536398,538.236559386973,47.5390804597701,1.49080459770115,1776.64712643678,ci4yhy9yy000f03zznho5nm7c,18.4365804597701,Bangalore
2015-03-19 19:30:00,31.6112068965517,563.169974137931,44.5820593869732,1206.03199233716,1823.41724137931,ci4yhy9yy000f03zznho5nm7c,19.780785440613,Bangalore
2015-03-19 20:30:00,31.5414203612479,570.999369731801,34.0219252873563,5577.23004926108,1957.32665571976,ci4yhy9yy000f03zznho5nm7c,25.5649521072797,Bangalore
2015-03-19 21:30:00,29.2616858237548,650.349870689655,34.2564272030651,6500.27950191571,1942.05249042146,ci4yhy9yy000f03zznho5nm7c,25.5859865900383,Bangalore
2015-03-19 22:30:00,28.0184865900383,677.561048850575,36.0237835249042,6503.80105363985,1922.85593869732,ci4yhy9yy000f03zznho5nm7c,24.9485249042146,Bangalore
2015-03-19 23:30:00,28.0026819923372,541.757786398467,34.2896168582376,5611.43084291188,1928.42413793103,ci4yhy9yy000f03zznho5nm7c,25.7791379310345,Bangalore
2015-03-20 00:30:00,27.6639846743295,535.386793103448,30.6894540229885,5566.52710727969,1924.98659003831,ci4yhy9yy000f03zznho5nm7c,27.5720019157088,Bangalore
2015-03-20 01:30:00,27.5965517241379,548.729422413793,26.8825478927203,4842.27720306513,1983.07969348659,ci4yhy9yy000f03zznho5nm7c,30.2403256704981,Bangalore
2015-03-20 02:30:00,29.7537356321839,548.150695402299,30.4816475095785,4416.68304597701,1964.37662835249,ci4yhy9yy000f03zznho5nm7c,29.4025095785441,Bangalore
2015-03-20 03:30:00,28.8495210727969,485.861494252874,29.9352107279693,3785.92250957854,1957.42222222222,ci4yhy9yy000f03zznho5nm7c,28.5916283524904,Bangalore
2015-03-20 04:30:00,31.8726053639847,437.478712643678,32.0349712643678,3358.4719348659,1932.04597701149,ci4yhy9yy000f03zznho5nm7c,27.807662835249,Bangalore
2015-03-20 05:30:00,31.7799808429119,470.414809386973,34.856877394636,2665.20450191571,1967.55632183908,ci4yhy9yy000f03zznho5nm7c,25.4836877394636,Bangalore
2015-03-20 06:30:00,31.1331417624521,527.486396551724,38.8406800766283,1403.9504789272,1960.28965517241,ci4yhy9yy000f03zznho5nm7c,23.3204885057471,Bangalore
2015-03-20 07:30:00,28.5903256704981,624.897812260536,45.2104118773946,97.0780651340996,1895.45555555556,ci4yhy9yy000f03zznho5nm7c,20.6413601532567,Bangalore
2015-03-20 08:30:00,28.4151340996169,583.398960727969,50.1264846743295,0.0,1863.41724137931,ci4yhy9yy000f03zznho5nm7c,18.9808524904215,Bangalore
2015-03-20 09:30:00,29.1268199233717,586.536632183908,52.1426245210728,0.0,1861.78927203065,ci4yhy9yy000f03zznho5nm7c,18.2189559386973,Bangalore
2015-03-20 10:30:00,34.1547892720306,485.820129310345,49.0104406130268,0.0,1846.02950191571,ci4yhy9yy000f03zznho5nm7c,19.0854118773946,Bangalore
2015-03-20 11:30:00,36.4049808429119,517.112387931035,48.8605651340996,0.0,1746.69961685824,ci4yhy9yy000f03zznho5nm7c,18.8813505747126,Bangalore
2015-03-20 12:30:00,43.1177203065134,466.248185584291,46.6416810344828,0.0,1783.73141762452,ci4yhy9yy000f03zznho5nm7c,19.5620713601533,Bangalore
2015-03-20 13:30:00,36.0142720306513,550.541632183908,46.8514750957854,0.0,1807.8969348659,ci4yhy9yy000f03zznho5nm7c,18.8141283524904,Bangalore
2015-03-20 14:30:00,33.3959131545338,506.80070945083,46.3465453384419,0.0,1793.19361430396,ci4yhy9yy000f03zznho5nm7c,18.4367454235845,Bangalore
2015-03-20 15:30:00,35.677969348659,488.259557471264,45.9348563218391,0.0,1795.19923371647,ci4yhy9yy000f03zznho5nm7c,18.6216187739464,Bangalore
2015-03-20 16:30:00,30.9241379310345,442.860530651341,45.190938697318,0.0,1745.47471264368,ci4yhy9yy000f03zznho5nm7c,18.4157183908046,Bangalore
2015-03-20 17:30:00,29.3835249042146,397.797112068966,44.8136398467433,0.0,1739.66666666667,ci4yhy9yy000f03zznho5nm7c,18.3818007662835,Bangalore
2015-03-20 18:30:00,30.0366858237548,508.123251915709,45.3862164750958,1.08812260536398,1738.54980842912,ci4yhy9yy000f03zznho5nm7c,17.9359961685824,Bangalore
2015-03-20 19:30:00,27.8537356321839,505.121334291188,44.3541187739463,519.647413793104,1791.08007662835,ci4yhy9yy000f03zznho5nm7c,18.6525670498084,Bangalore
2015-03-20 20:30:00,26.7087164750958,494.46945210728,42.6976340996169,2592.39090038314,1795.830651341,ci4yhy9yy000f03zznho5nm7c,20.04469348659,Bangalore
2015-03-20 21:30:00,25.9725095785441,493.746363984674,38.9182950191571,4232.3504789272,1834.31724137931,ci4yhy9yy000f03zznho5nm7c,22.5404501915709,Bangalore
2015-03-20 22:30:00,25.3320881226054,532.406824712644,39.3102586206897,3486.70392720307,1801.72107279694,ci4yhy9yy000f03zznho5nm7c,21.8842049808429,Bangalore
2015-03-20 23:30:00,25.3694444444444,516.652657088123,37.2672222222222,4914.48534482759,1830.54022988506,ci4yhy9yy000f03zznho5nm7c,23.1616475095785,Bangalore
2015-03-21 00:30:00,24.8573754789272,491.898602490422,38.4048275862069,4270.0959770115,1842.16704980843,ci4yhy9yy000f03zznho5nm7c,22.9240325670498,Bangalore
2015-03-21 01:30:00,23.797030651341,445.223633141762,29.1085057471264,5428.76379310345,1886.15287356322,ci4yhy9yy000f03zznho5nm7c,25.3720402298851,Bangalore
2015-03-21 02:30:00,23.6285440613027,496.465263409962,28.5843390804598,4630.43199233716,1900.13601532567,ci4yhy9yy000f03zznho5nm7c,25.7538314176245,Bangalore
2015-03-21 03:30:00,24.7505747126437,666.218377394636,40.6214942528736,3899.2995210728,1896.74291187739,ci4yhy9yy000f03zznho5nm7c,22.0468486590038,Bangalore
2015-03-21 04:30:00,25.1420498084291,418.543478927203,39.5049616858238,3062.79827586207,1845.35172413793,ci4yhy9yy000f03zznho5nm7c,21.8620498084291,Bangalore
2015-03-17 20:00:00,25.0262232285259,900.762021852109,44.5138718128134,3882.55324464049,108.281457654832,ci4yyrdqi000j03zz8ylornqd,19.7989158130025,Boston
2015-03-17 21:00:00,25.2501577126577,909.449966066341,48.7209190577941,249.418945868946,109.044383394383,ci4yyrdqi000j03zz8ylornqd,17.8805074786325,Boston
2015-03-17 22:00:00,26.2310520434227,823.532439591315,49.111967752235,16.4027777777778,113.116947637292,ci4yyrdqi000j03zz8ylornqd,17.8768133780332,Boston
2015-03-17 23:00:00,25.7113479588225,828.491022551491,49.1571101300097,0.0,111.032676943256,ci4yyrdqi000j03zz8ylornqd,17.2350562726243,Boston
2015-03-18 00:00:00,26.6638524608919,825.933288372994,46.5625061342167,0.0,115.144241041609,ci4yyrdqi000j03zz8ylornqd,18.2686197343105,Boston
2015-03-18 01:00:00,28.2995462376885,717.401089144101,47.2674161028548,0.0,121.282758588213,ci4yyrdqi000j03zz8ylornqd,18.6387617822084,Boston
2015-03-18 02:00:00,27.7960108983207,716.723995772947,47.0757920692432,0.0,119.502329192547,ci4yyrdqi000j03zz8ylornqd,18.5802818035427,Boston
2015-03-18 03:00:00,29.1506856621119,755.457106369421,46.6413349805708,0.0,124.789466753139,ci4yyrdqi000j03zz8ylornqd,18.8652465654878,Boston
2015-03-18 04:00:00,29.4926725182307,775.031752550388,46.125569415077,0.0,126.267633156171,ci4yyrdqi000j03zz8ylornqd,18.9114863625463,Boston
2015-03-18 05:00:00,28.7691901569057,753.978514246184,47.9963271604938,0.0,123.37733686067,ci4yyrdqi000j03zz8ylornqd,18.7219438362829,Boston
2015-03-18 06:00:00,28.8423200422981,725.047649580463,50.2268330657516,0.0,124.140894478332,ci4yyrdqi000j03zz8ylornqd,18.5083102599363,Boston
2015-03-18 07:00:00,29.7371103743392,811.879481264015,50.9135866449335,0.0,127.476976551831,ci4yyrdqi000j03zz8ylornqd,18.2819319075024,Boston
2015-03-18 08:00:00,27.4604114876669,722.982215278405,49.3630018504838,0.0,117.822103084738,ci4yyrdqi000j03zz8ylornqd,17.7507993548077,Boston
2015-03-18 09:00:00,27.579212011277,766.805889681062,48.5841632045737,0.0,118.553996889822,ci4yyrdqi000j03zz8ylornqd,17.7854789536533,Boston
2015-03-18 10:00:00,30.9305453805454,730.725071199634,48.7471678876679,53.8230396147063,131.903683353683,ci4yyrdqi000j03zz8ylornqd,17.9343057251391,Boston
2015-03-18 11:00:00,31.7371657228117,894.473604786583,52.9869537338437,215.443871846743,135.473696036375,ci4yyrdqi000j03zz8ylornqd,18.1366714766715,Boston
2015-03-18 12:00:00,30.5882221311827,924.90430442372,49.827077991453,308.065781788874,131.196305614464,ci4yyrdqi000j03zz8ylornqd,18.5983920324315,Boston
2015-03-18 13:00:00,29.7063285785422,938.860981683178,47.5848425722884,450.835974294024,127.536673646271,ci4yyrdqi000j03zz8ylornqd,19.1253257294821,Boston
2015-03-18 14:00:00,32.0365193883196,844.5935118411,42.046350671303,2784.9991375798,136.637053554964,ci4yyrdqi000j03zz8ylornqd,21.8675822049823,Boston
2015-03-18 15:00:00,28.3012891897686,797.492800358394,41.0356996070077,2899.73407158408,122.422337350319,ci4yyrdqi000j03zz8ylornqd,20.9500431050969,Boston
2015-03-18 16:00:00,26.4155232194706,829.931720206694,34.1036558276032,2842.99293980873,114.354011290853,ci4yyrdqi000j03zz8ylornqd,22.8388438170017,Boston
2015-03-18 17:00:00,25.6414502164502,791.499614448052,36.8399242424242,585.114772727273,110.892640692641,ci4yyrdqi000j03zz8ylornqd,21.0607711038961,Boston
2015-03-18 18:00:00,24.3507464757465,799.302112970363,36.3889402264402,591.77925962926,105.463869463869,ci4yyrdqi000j03zz8ylornqd,20.3699574037074,Boston
2015-03-18 19:00:00,24.2140896358543,883.099765452848,35.4093534080299,8818.44826330532,104.840336134454,ci4yyrdqi000j03zz8ylornqd,22.2697857142857,Boston
2015-03-18 20:00:00,25.1835978835979,921.399376653439,43.7381150793651,3405.69778439153,109.270899470899,ci4yyrdqi000j03zz8ylornqd,20.1498214285714,Boston
2015-03-18 21:00:00,27.0261534578728,979.391783173458,49.6116570737124,263.361240143256,116.756142715431,ci4yyrdqi000j03zz8ylornqd,18.7351547990876,Boston
2015-03-18 22:00:00,27.220442045522,1051.54697757894,52.2661169051714,18.7826676289752,117.401367870549,ci4yyrdqi000j03zz8ylornqd,18.0159922821743,Boston
2015-03-18 23:00:00,26.4190664668071,945.227846768487,53.6236998730622,0.0,114.436386863285,ci4yyrdqi000j03zz8ylornqd,17.5655319370172,Boston
2015-03-19 00:00:00,27.6720735930736,909.76659362929,51.6528555187732,0.0,119.492050816286,ci4yyrdqi000j03zz8ylornqd,18.1149437370908,Boston
2015-03-19 01:00:00,27.0186709882872,938.43438709885,54.1174018584973,0.0,116.369009117913,ci4yyrdqi000j03zz8ylornqd,17.3444770301174,Boston
2015-03-19 02:00:00,28.6836556353004,1010.89214615927,50.4496368604592,0.0,123.588633832055,ci4yyrdqi000j03zz8ylornqd,18.3926298701299,Boston
2015-03-19 03:00:00,27.3931040564374,974.759324933862,53.2102365520282,0.0,118.069585537919,ci4yyrdqi000j03zz8ylornqd,17.6112841710758,Boston
2015-03-19 04:00:00,27.9224161621072,925.472883917011,52.7371289625494,0.0,120.043087267283,ci4yyrdqi000j03zz8ylornqd,18.1156879519963,Boston
2015-03-19 05:00:00,29.573610739629,880.224410296642,50.9084938652176,0.0,126.73098556068,ci4yyrdqi000j03zz8ylornqd,18.5784899303595,Boston
2015-03-19 06:00:00,27.5968648024376,951.73572215491,52.1667889091998,0.0,118.557022774267,ci4yyrdqi000j03zz8ylornqd,18.0167446371854,Boston
2015-03-19 07:00:00,27.4314245939246,1032.90668943556,53.9420001295001,0.0,118.312977762978,ci4yyrdqi000j03zz8ylornqd,18.0286433011433,Boston
2015-03-19 08:00:00,28.5252583527584,1004.26374470822,54.8126183137038,0.0,122.6012787797,ci4yyrdqi000j03zz8ylornqd,18.1095467580665,Boston
2015-03-19 09:00:00,32.6729001532762,981.419503218132,53.5524123834303,0.0,139.352368734637,ci4yyrdqi000j03zz8ylornqd,18.4174084232761,Boston
2015-03-19 10:00:00,34.1338622923917,973.189661547548,53.1617992742552,59.9505245027304,146.001623518094,ci4yyrdqi000j03zz8ylornqd,18.2791073444529,Boston
2015-03-19 11:00:00,36.592070596314,998.438836709197,52.3601158514974,219.176251439837,155.617510632642,ci4yyrdqi000j03zz8ylornqd,18.6478384059897,Boston
2015-03-19 12:00:00,32.8187278803068,1026.11061465786,53.3855683147262,323.814441026809,140.777275005696,ci4yyrdqi000j03zz8ylornqd,18.9475866180603,Boston
2015-03-19 13:00:00,33.0842585323603,1059.75053345373,52.5769645416646,610.411751048373,142.047633012269,ci4yyrdqi000j03zz8ylornqd,19.688996933715,Boston
2015-03-19 14:00:00,32.679930037283,951.528305868911,45.6074874128606,2480.42650824151,140.042794474636,ci4yyrdqi000j03zz8ylornqd,22.2017340023278,Boston
2015-03-19 15:00:00,38.1739705544053,996.045137077184,44.18662424904,2242.25029622551,162.884647369539,ci4yyrdqi000j03zz8ylornqd,23.5795671528552,Boston
2015-03-19 16:00:00,34.9626524990161,1031.02320262692,40.7623222484586,2140.19176505313,149.26593204775,ci4yyrdqi000j03zz8ylornqd,24.7301641414141,Boston
2015-03-19 17:00:00,30.506188517365,1067.37410382559,44.2987302044361,758.217667626491,131.002790673379,ci4yyrdqi000j03zz8ylornqd,21.9762939739999,Boston
2015-03-19 18:00:00,27.7108717671218,963.634176416177,39.2260993635994,671.601051494801,119.895293595294,ci4yyrdqi000j03zz8ylornqd,22.4382518638769,Boston
2015-03-19 19:00:00,29.9905548996458,874.377430834317,33.5046264593992,8363.11792601338,129.164685819231,ci4yyrdqi000j03zz8ylornqd,26.6987180243998,Boston
2015-03-19 20:00:00,29.8083590102708,931.198581387403,34.8150158517953,3124.56887742976,128.164459723283,ci4yyrdqi000j03zz8ylornqd,25.231370193532,Boston
2015-03-19 21:00:00,27.4647756788666,873.003021448249,42.332041584678,279.310766102584,118.151090121999,ci4yyrdqi000j03zz8ylornqd,20.9586304604486,Boston
2015-03-19 22:00:00,27.6529824657934,896.460473916809,51.1245993256767,17.9083421906312,118.229514182804,ci4yyrdqi000j03zz8ylornqd,18.6424962209701,Boston
2015-03-19 23:00:00,27.2247517767392,1008.51625334207,56.2258298100156,0.0,117.38601477517,ci4yyrdqi000j03zz8ylornqd,17.4935018389241,Boston
2015-03-20 00:00:00,26.5654777225829,967.06593013408,56.1444393416508,0.0,114.781876680438,ci4yyrdqi000j03zz8ylornqd,17.4762921407415,Boston
2015-03-20 01:00:00,26.1646834873322,929.115284811806,55.2077155015931,0.0,113.262991918667,ci4yyrdqi000j03zz8ylornqd,17.4308006233533,Boston
2015-03-20 02:00:00,25.5574350649351,933.812080659772,55.9581274651275,0.0,110.023561006894,ci4yyrdqi000j03zz8ylornqd,17.1108075998076,Boston
2015-03-20 03:00:00,24.8331290929517,842.504281365401,56.0828025103449,0.0,107.43723960396,ci4yyrdqi000j03zz8ylornqd,16.7058770512487,Boston
2015-03-20 04:00:00,24.4699788706289,910.486071765149,54.491770630738,0.0,105.831199569273,ci4yyrdqi000j03zz8ylornqd,16.6571002980317,Boston
2015-03-20 05:00:00,24.2736736874237,866.366428533272,54.314378968254,0.0,105.060366300366,ci4yyrdqi000j03zz8ylornqd,16.5327129120879,Boston
2015-03-20 06:00:00,25.7534990211661,832.143934770664,50.2549083918965,0.0,110.679488560573,ci4yyrdqi000j03zz8ylornqd,17.803091949013,Boston
2015-03-20 07:00:00,25.9530040665879,906.472203994659,50.75942713585,0.0,111.954658026372,ci4yyrdqi000j03zz8ylornqd,17.732716648842,Boston
2015-03-20 08:00:00,26.0492800129164,804.824809427149,50.2462219651693,0.0,111.956863551122,ci4yyrdqi000j03zz8ylornqd,17.8200261726577,Boston
2015-03-20 09:00:00,27.383596637231,833.747483519097,50.953666845496,0.0,117.922017183546,ci4yyrdqi000j03zz8ylornqd,17.634867267273,Boston
2015-03-20 10:00:00,27.3304807783648,850.261004033732,52.3806039482832,43.9413818429084,117.338229622815,ci4yyrdqi000j03zz8ylornqd,17.3981563240116,Boston
2015-03-20 11:00:00,30.889146794386,789.353282573738,49.6479595686906,286.460893260283,131.994771704173,ci4yyrdqi000j03zz8ylornqd,18.340017876877,Boston
2015-03-20 12:00:00,28.3626488095238,876.641372519841,52.5156134259259,576.57359457672,121.945965608466,ci4yyrdqi000j03zz8ylornqd,18.0603902116402,Boston
2015-03-20 13:00:00,29.7207638586825,848.608580903015,50.4548070589697,772.418976504623,127.395831175735,ci4yyrdqi000j03zz8ylornqd,19.1448877186078,Boston
2015-03-20 14:00:00,28.9641865079365,897.402413029101,47.550625,1546.97309854497,124.544312169312,ci4yyrdqi000j03zz8ylornqd,19.912585978836,Boston
2015-03-20 15:00:00,26.7289198070448,838.504847881748,51.6389663230288,1206.25334360084,115.436247641248,ci4yyrdqi000j03zz8ylornqd,18.5349439842565,Boston
2015-03-20 16:00:00,27.9175381956131,808.565135372278,39.7153605121854,2031.74093000731,119.921662116849,ci4yyrdqi000j03zz8ylornqd,21.384854001465,Boston
2015-03-20 17:00:00,28.713921957672,823.410307374339,39.6707258597884,1118.91479828042,123.205291005291,ci4yyrdqi000j03zz8ylornqd,21.9903141534392,Boston
2015-03-20 18:00:00,26.0496413757811,870.750939019069,49.6777903244631,1040.02723333992,112.364668294668,ci4yyrdqi000j03zz8ylornqd,18.7208024342215,Boston
2015-03-20 19:00:00,25.4775598743123,748.262685783375,43.5001868619761,1868.48381721084,109.831015788859,ci4yyrdqi000j03zz8ylornqd,19.439285690934,Boston
2015-03-17 21:00:00,20.5407550782551,1719.27056193112,42.8950647963148,984.241298285048,1796.20996503496,ci4lnqzte000002xpokc9d25v,21.1395603008103,Rio de Janeiro
2015-03-17 22:00:00,20.452380952381,1907.55,45.3571428571429,741.880952380952,1960.95238095238,ci4lnqzte000002xpokc9d25v,19.9952380952381,Rio de Janeiro
2015-03-18 03:00:00,24.75,1866.27375,48.49,0.0,1449.5,ci4lnqzte000002xpokc9d25v,18.9975,Rio de Janeiro
2015-03-18 04:00:00,27.1850427350427,1797.04222832723,47.8570695970696,0.0,1465.1032967033,ci4lnqzte000002xpokc9d25v,19.3413675213675,Rio de Janeiro
2015-03-18 05:00:00,22.5492530345471,2102.90741830065,44.3106909430439,0.0,1455.52264239029,ci4lnqzte000002xpokc9d25v,19.2903361344538,Rio de Janeiro
2015-03-18 06:00:00,24.1180555555556,2047.38215277778,50.7819444444444,0.0,1667.08333333333,ci4lnqzte000002xpokc9d25v,18.8784722222222,Rio de Janeiro
2015-03-18 08:00:00,24.2977532679739,2007.3254156746,53.2950907446312,0.0,1659.83237628385,ci4lnqzte000002xpokc9d25v,18.2402690242764,Rio de Janeiro
2015-03-18 09:00:00,22.5096677559913,2055.18537225812,51.9501361655773,0.0,1665.13475935829,ci4lnqzte000002xpokc9d25v,17.7896767924341,Rio de Janeiro
2015-03-18 10:00:00,22.572482956858,1883.56009050672,50.8920853683354,0.0,1562.63714896215,ci4lnqzte000002xpokc9d25v,17.8835461182336,Rio de Janeiro
2015-03-18 11:00:00,24.9624098124098,2056.69743722944,52.2318831168831,145.725324675325,1951.63852813853,ci4lnqzte000002xpokc9d25v,17.9340404040404,Rio de Janeiro
2015-03-18 12:00:00,26.1402777777778,1794.73980753968,60.0158928571429,606.521428571429,1815.56031746032,ci4lnqzte000002xpokc9d25v,17.1479166666667,Rio de Janeiro
2015-03-18 13:00:00,26.3458333333333,2425.27616666667,55.1116666666667,1316.8,1933.38333333333,ci4lnqzte000002xpokc9d25v,18.16875,Rio de Janeiro
2015-03-18 14:00:00,36.625,2382.89375,50.05,1312.5,1744.5,ci4lnqzte000002xpokc9d25v,19.4875,Rio de Janeiro
2015-03-18 15:00:00,23.7946428571429,2486.07258928571,46.6910714285714,1115.95535714286,1804.21428571429,ci4lnqzte000002xpokc9d25v,20.6071428571429,Rio de Janeiro
2015-03-18 16:00:00,23.0619047619048,2209.71718864469,41.8079945054945,5038.54725274725,1957.30915750916,ci4lnqzte000002xpokc9d25v,21.3530128205128,Rio de Janeiro
2015-03-18 17:00:00,22.2085137085137,2807.98544011544,32.9310966810967,18671.0707070707,1705.12554112554,ci4lnqzte000002xpokc9d25v,24.9261904761905,Rio de Janeiro
2015-03-18 18:00:00,23.4857142857143,4161.57617142857,27.3282142857143,24345.7211904762,2086.35047619048,ci4lnqzte000002xpokc9d25v,28.3093333333333,Rio de Janeiro
2015-03-18 19:00:00,21.6904761904762,4697.30841269841,21.9944444444444,24337.8095238095,1539.77777777778,ci4lnqzte000002xpokc9d25v,31.4880952380952,Rio de Janeiro
2015-03-18 20:00:00,21.8670138888889,2871.14076308761,26.7676148504273,9992.65894764957,1965.44519230769,ci4lnqzte000002xpokc9d25v,28.7169791666667,Rio de Janeiro
2015-03-18 21:00:00,21.6755952380952,1943.97366071429,40.6081349206349,1192.6369047619,1783.23412698413,ci4lnqzte000002xpokc9d25v,22.1527777777778,Rio de Janeiro
2015-03-18 22:00:00,21.75,2063.565,47.9,678.0,1543.0,ci4lnqzte000002xpokc9d25v,20.2,Rio de Janeiro
2015-03-18 23:00:00,22.25,1936.9,51.35,0.0,1132.0,ci4lnqzte000002xpokc9d25v,19.225,Rio de Janeiro
2015-03-19 09:00:00,25.25,1938.36,59.225,0.0,1697.0,ci4lnqzte000002xpokc9d25v,17.8,Rio de Janeiro
2015-03-19 10:00:00,26.2469467401286,2040.60122769907,57.1068837727929,0.0,1763.84036468582,ci4lnqzte000002xpokc9d25v,18.1141414141414,Rio de Janeiro
2015-03-19 11:00:00,26.9335317460317,2058.93707063492,57.16625,169.125833333333,2015.21968253968,ci4lnqzte000002xpokc9d25v,17.7659047619048,Rio de Janeiro
2015-03-19 12:00:00,27.3918367346939,2481.54152210884,57.9905952380952,927.565306122449,1873.72448979592,ci4lnqzte000002xpokc9d25v,18.1108333333333,Rio de Janeiro
2015-03-19 13:00:00,26.2613636363636,2278.9975,56.23125,1378.26704545455,1808.43181818182,ci4lnqzte000002xpokc9d25v,19.0522727272727,Rio de Janeiro
2015-03-19 14:00:00,38.25,2315.755,51.425,1894.25,1801.0,ci4lnqzte000002xpokc9d25v,21.4,Rio de Janeiro
2015-03-19 15:00:00,29.65,2221.43225,47.1068333333333,2189.83,1716.20666666667,ci4lnqzte000002xpokc9d25v,21.7818333333333,Rio de Janeiro
2015-03-19 16:00:00,28.6805555555556,2575.59736111111,47.2930555555556,2953.90972222222,1592.66666666667,ci4lnqzte000002xpokc9d25v,22.8993055555556,Rio de Janeiro
2015-03-19 17:00:00,25.0,2196.08,38.0,20674.0,2004.0,ci4lnqzte000002xpokc9d25v,27.0,Rio de Janeiro
2015-03-19 18:00:00,26.3261904761905,3305.64111904762,32.5116666666667,21491.9380952381,1659.91428571429,ci4lnqzte000002xpokc9d25v,29.1111904761905,Rio de Janeiro
2015-03-19 19:00:00,25.4793206793207,4064.05251948052,25.1099450549451,24623.7241258741,1644.96403596404,ci4lnqzte000002xpokc9d25v,33.7141858141858,Rio de Janeiro
2015-03-19 20:00:00,24.2642273576097,3485.84771124144,26.0537797619048,12310.1666034469,1826.58439153439,ci4lnqzte000002xpokc9d25v,32.3614329481793,Rio de Janeiro
2015-03-19 21:00:00,23.6877525252525,2076.49775992063,36.7952687590188,1466.41484487734,1872.55764790765,ci4lnqzte000002xpokc9d25v,24.9211201298701,Rio de Janeiro
2015-03-19 22:00:00,23.0411255411255,2314.56782931354,39.8827767470625,686.490723562152,1428.97464440322,ci4lnqzte000002xpokc9d25v,22.7895176252319,Rio de Janeiro
2015-03-19 23:00:00,23.0,1966.82833333333,45.5666666666667,226.0,1595.33333333333,ci4lnqzte000002xpokc9d25v,21.2166666666667,Rio de Janeiro
2015-03-20 02:00:00,22.4,1994.12997222222,54.1494444444444,0.0,1569.12222222222,ci4lnqzte000002xpokc9d25v,18.6455555555556,Rio de Janeiro
2015-03-20 03:00:00,21.9176046176046,1950.33827705628,55.1717983405483,0.0,1604.8253968254,ci4lnqzte000002xpokc9d25v,18.209218975469,Rio de Janeiro
2015-03-20 04:00:00,21.2919642857143,1871.58205357143,56.213125,0.0,1787.60357142857,ci4lnqzte000002xpokc9d25v,17.75625,Rio de Janeiro
2015-03-20 05:00:00,20.5295454545455,1798.70286363636,53.8036363636364,0.0,1602.9,ci4lnqzte000002xpokc9d25v,17.8179545454545,Rio de Janeiro
2015-03-20 06:00:00,21.2,1820.789,53.31,0.0,1690.0,ci4lnqzte000002xpokc9d25v,17.83,Rio de Janeiro
2015-03-20 07:00:00,22.1333333333333,1698.91161904762,50.4723809523809,0.0,1588.26666666667,ci4lnqzte000002xpokc9d25v,18.4142857142857,Rio de Janeiro
2015-03-20 08:00:00,22.4388888888889,1744.71966666667,51.6588888888889,0.0,1654.95555555556,ci4lnqzte000002xpokc9d25v,18.1933333333333,Rio de Janeiro
2015-03-20 09:00:00,21.125,1805.39875,53.5375,0.0,1429.16666666667,ci4lnqzte000002xpokc9d25v,17.4875,Rio de Janeiro
2015-03-20 10:00:00,21.8702245670996,1952.18980717893,53.9473789983165,0.802083333333333,1597.02755531506,ci4lnqzte000002xpokc9d25v,17.5148498376623,Rio de Janeiro
2015-03-20 11:00:00,22.2056722689076,2135.95529481793,54.6335224089636,190.143977591036,1660.90168067227,ci4lnqzte000002xpokc9d25v,17.6141176470588,Rio de Janeiro
2015-03-20 12:00:00,25.5333333333333,2115.10971666667,52.8855,1083.72833333333,1703.38666666667,ci4lnqzte000002xpokc9d25v,18.2561666666667,Rio de Janeiro
2015-03-20 13:00:00,22.6333333333333,2042.14879166667,52.4654166666667,2439.57916666667,1659.05,ci4lnqzte000002xpokc9d25v,19.0916666666667,Rio de Janeiro
2015-03-20 14:00:00,23.1805555555556,2206.15888888889,51.6800925925926,3119.05555555556,1591.85185185185,ci4lnqzte000002xpokc9d25v,19.5925925925926,Rio de Janeiro
2015-03-20 15:00:00,25.1205357142857,2098.73465773809,48.8754464285714,4062.1369047619,1620.27976190476,ci4lnqzte000002xpokc9d25v,20.653125,Rio de Janeiro
2015-03-20 16:00:00,22.5565476190476,1884.96260714286,49.6753571428571,4864.80119047619,1736.20952380952,ci4lnqzte000002xpokc9d25v,20.17125,Rio de Janeiro
2015-03-20 17:00:00,22.4488888888889,2393.65038888889,40.7975555555556,9976.62555555556,1967.49777777778,ci4lnqzte000002xpokc9d25v,22.5935555555556,Rio de Janeiro
2015-03-20 18:00:00,23.2847222222222,2297.04508680556,36.5510416666667,6139.30034722222,1687.22916666667,ci4lnqzte000002xpokc9d25v,24.3769097222222,Rio de Janeiro
2015-03-20 19:00:00,21.3333333333333,5149.95666666667,33.8333333333333,22837.3333333333,1617.33333333333,ci4lnqzte000002xpokc9d25v,26.3,Rio de Janeiro
2015-03-20 20:00:00,22.0109126984127,2748.48496775794,33.8386408730159,6321.25148809524,1899.97619047619,ci4lnqzte000002xpokc9d25v,24.9245535714286,Rio de Janeiro
2015-03-18 08:00:00,15.1246168582375,415.004250957854,34.0011685823755,3456.17078544061,1906.2785440613,ci4usvy81000302s7whpk8qlp,24.6920402298851,Shanghai
2015-03-18 09:00:00,14.2383731211317,742.603180518715,49.4188505747126,461.828750368406,2032.38514588859,ci4usvy81000302s7whpk8qlp,17.7724778956675,Shanghai
2015-03-18 10:00:00,13.9578544061303,494.040385057471,49.4643295019157,49.7605363984674,1877.53793103448,ci4usvy81000302s7whpk8qlp,17.2005363984674,Shanghai
2015-03-18 11:00:00,13.7580459770115,446.485738505747,50.6170498084291,12.7837164750958,1759.15632183908,ci4usvy81000302s7whpk8qlp,16.5207471264368,Shanghai
2015-03-18 12:00:00,14.0400383141762,279.076218390805,51.463898467433,11.1637931034483,1682.9632183908,ci4usvy81000302s7whpk8qlp,16.5863314176245,Shanghai
2015-03-18 13:00:00,15.4041187739464,206.429358237548,52.8704214559387,6.79616858237548,1633.42988505747,ci4usvy81000302s7whpk8qlp,16.6532088122605,Shanghai
2015-03-18 14:00:00,16.2597701149425,239.481765325671,55.7159482758621,6.75727969348659,1623.9785440613,ci4usvy81000302s7whpk8qlp,16.2056800766284,Shanghai
2015-03-18 15:00:00,17.1503831417625,265.517090038314,57.1628544061303,0.788505747126437,1613.86130268199,ci4usvy81000302s7whpk8qlp,15.849683908046,Shanghai
2015-03-18 16:00:00,16.164846743295,289.87282183908,60.076091954023,0.470689655172414,1612.96704980843,ci4usvy81000302s7whpk8qlp,15.1875670498084,Shanghai
2015-03-18 17:00:00,17.3333401751505,262.043812739464,57.0083778051451,0.667816091954023,1597.93281335523,ci4usvy81000302s7whpk8qlp,15.6706862342638,Shanghai
2015-03-18 18:00:00,17.3311302681992,279.512548850575,55.6655459770115,0.0804597701149426,1632.04214559387,ci4usvy81000302s7whpk8qlp,15.2806992337165,Shanghai
2015-03-18 19:00:00,16.132183908046,229.086593869732,58.384224137931,0.317816091954023,1616.21417624521,ci4usvy81000302s7whpk8qlp,14.8569157088123,Shanghai
2015-03-18 20:00:00,15.3128352490421,276.876021072797,62.0520114942529,0.43448275862069,1605.85517241379,ci4usvy81000302s7whpk8qlp,14.7811685823755,Shanghai
2015-03-18 21:00:00,18.3592911877395,275.584816091954,58.350785440613,2.97030651340996,1684.00766283525,ci4usvy81000302s7whpk8qlp,15.4095977011494,Shanghai
2015-03-18 22:00:00,20.2023946360153,292.90916091954,59.1470593869732,160.507279693487,1705.31264367816,ci4usvy81000302s7whpk8qlp,14.828438697318,Shanghai
2015-03-18 23:00:00,21.3755747126437,340.565215517241,54.415622605364,747.939559386973,1795.2245210728,ci4usvy81000302s7whpk8qlp,16.7111302681992,Shanghai
2015-03-19 00:00:00,20.7777777777778,353.105374521073,49.4417528735632,1069.28908045977,1774.22643678161,ci4usvy81000302s7whpk8qlp,18.7275957854406,Shanghai
2015-03-19 01:00:00,18.1633141762452,319.105887931034,44.0659291187739,1242.30105363985,1773.09272030651,ci4usvy81000302s7whpk8qlp,19.9628831417625,Shanghai
2015-03-19 02:00:00,17.8829501915709,369.17016091954,41.4621455938697,1551.55431034483,1784.35287356322,ci4usvy81000302s7whpk8qlp,21.5109865900383,Shanghai
2015-03-19 03:00:00,17.1647509578544,592.702295977011,37.0751915708812,3438.10584291188,2078.67011494253,ci4usvy81000302s7whpk8qlp,23.5412643678161,Shanghai
2015-03-19 04:00:00,15.6097701149425,401.632058429119,26.0181992337165,9787.1688697318,1996.34406130268,ci4usvy81000302s7whpk8qlp,27.8333524904214,Shanghai
2015-03-19 05:00:00,15.6403256704981,429.272998084291,22.2667528735632,11235.6122605364,1929.78390804598,ci4usvy81000302s7whpk8qlp,30.5741570881226,Shanghai
2015-03-19 06:00:00,15.232662835249,464.672184865901,20.5479980842912,11200.6746168582,1983.21034482759,ci4usvy81000302s7whpk8qlp,31.1068199233716,Shanghai
2015-03-19 07:00:00,15.2136334610473,548.582291187739,27.1818071519796,8962.94326309068,1998.19208173691,ci4usvy81000302s7whpk8qlp,27.4744412515964,Shanghai
2015-03-19 08:00:00,16.1072796934866,394.18779789272,32.2252011494253,3157.86417624521,1919.12567049808,ci4usvy81000302s7whpk8qlp,25.8905363984674,Shanghai
2015-03-19 09:00:00,15.8893997445722,482.499349297574,49.2321892294593,506.502724563644,1830.15977011494,ci4usvy81000302s7whpk8qlp,19.0225202213708,Shanghai
2015-03-19 10:00:00,15.6729885057471,568.848710727969,56.3336398467433,52.7744252873563,1733.99808429119,ci4usvy81000302s7whpk8qlp,17.1266954022989,Shanghai
2015-03-19 11:00:00,14.9748084291188,681.689108237548,61.7840325670498,7.78984674329502,1696.41379310345,ci4usvy81000302s7whpk8qlp,15.8442049808429,Shanghai
2015-03-19 12:00:00,15.3456896551724,508.693180076628,60.3318103448276,5.36532567049808,1652.53103448276,ci4usvy81000302s7whpk8qlp,15.9822318007663,Shanghai
2015-03-19 13:00:00,15.0530651340996,569.796284482759,61.5221072796935,4.00555555555556,1646.38314176245,ci4usvy81000302s7whpk8qlp,15.7871551724138,Shanghai
2015-03-19 14:00:00,15.7984674329502,460.71095210728,60.6740996168582,2.84022988505747,1644.51800766284,ci4usvy81000302s7whpk8qlp,15.8016570881226,Shanghai
2015-03-19 15:00:00,14.7891762452107,630.401896551724,65.5481800766284,0.394252873563218,1610.3662835249,ci4usvy81000302s7whpk8qlp,15.0210344827586,Shanghai
2015-03-19 16:00:00,14.3591115900383,647.848811542146,66.1292600574713,0.231154214559387,1578.12198275862,ci4usvy81000302s7whpk8qlp,14.966870210728,Shanghai
2015-03-19 17:00:00,14.3099616858238,588.360993295019,68.2838984674329,0.0,1584.15019157088,ci4usvy81000302s7whpk8qlp,14.5250574712644,Shanghai
2015-03-19 18:00:00,14.3600574712644,532.151181992337,69.0861494252874,0.0,1564.87931034483,ci4usvy81000302s7whpk8qlp,14.4766379310345,Shanghai
2015-03-19 19:00:00,15.5567049808429,418.970359195402,65.234367816092,0.0402298850574713,1596.51609195402,ci4usvy81000302s7whpk8qlp,14.9620498084291,Shanghai
2015-03-19 20:00:00,16.9264367816092,418.4855,64.3386111111111,0.0,1564.62911877395,ci4usvy81000302s7whpk8qlp,14.9002394636015,Shanghai
2015-03-19 21:00:00,19.5484674329502,384.772291187739,64.6140421455939,1.36111111111111,1602.11302681992,ci4usvy81000302s7whpk8qlp,14.7538505747126,Shanghai
2015-03-19 22:00:00,23.301245210728,437.575458812261,64.1553256704981,173.134482758621,1672.90153256705,ci4usvy81000302s7whpk8qlp,14.8382088122605,Shanghai
2015-03-19 23:00:00,23.0750957854406,453.674848659004,59.7591379310345,747.557375478927,1708.14521072797,ci4usvy81000302s7whpk8qlp,16.7133429118774,Shanghai
2015-03-20 00:00:00,21.4552681992337,668.078917624521,56.4206130268199,1066.26676245211,1770.90268199234,ci4usvy81000302s7whpk8qlp,18.4795019157088,Shanghai
2015-03-20 01:00:00,20.1965517241379,568.46216954023,51.8244444444444,1376.17605363985,1768.16781609195,ci4usvy81000302s7whpk8qlp,19.9882662835249,Shanghai
2015-03-20 02:00:00,20.148754789272,503.630551724138,44.5823084291188,1872.57681992337,1755.2245210728,ci4usvy81000302s7whpk8qlp,22.221724137931,Shanghai
2015-03-20 03:00:00,21.516570881226,430.527179118774,34.4928448275862,3972.76053639847,1822.78697318008,ci4usvy81000302s7whpk8qlp,26.2679214559387,Shanghai
2015-03-20 04:00:00,20.6849616858238,600.731346743295,29.3752969348659,8618.18802681992,1873.99425287356,ci4usvy81000302s7whpk8qlp,30.2186590038314,Shanghai
2015-03-20 05:00:00,18.8242337164751,1101.64713218391,28.0600478927203,10797.129789272,1919.55363984674,ci4usvy81000302s7whpk8qlp,30.0459674329502,Shanghai
2015-03-20 06:00:00,17.4404214559387,735.520691570881,24.3589463601533,10776.1327586207,1896.04942528736,ci4usvy81000302s7whpk8qlp,31.5123850574713,Shanghai
2015-03-20 07:00:00,15.6866858237548,839.070185823755,26.7165038314176,8751.89798850575,1904.78045977011,ci4usvy81000302s7whpk8qlp,29.1964367816092,Shanghai
2015-03-20 08:00:00,16.5760710553814,579.013960292581,29.2290595611285,3079.13364681296,1906.24576802508,ci4usvy81000302s7whpk8qlp,27.8875026123302,Shanghai
2015-03-20 09:00:00,15.2655556608143,528.563390278304,44.1577680413456,555.611471095954,1970.60916803503,ci4usvy81000302s7whpk8qlp,19.9588513641531,Shanghai
2015-03-20 10:00:00,15.0751915708812,646.865677921456,57.5461206896552,50.2583333333333,1834.28754789272,ci4usvy81000302s7whpk8qlp,17.2063912835249,Shanghai
2015-03-20 11:00:00,15.0192528735632,975.032198275862,62.79969348659,13.7250957854406,2177.1122605364,ci4usvy81000302s7whpk8qlp,16.345785440613,Shanghai
2015-03-20 12:00:00,14.8739166604468,734.184083848025,62.5829789894014,13.7210727969349,1898.41319475544,ci4usvy81000302s7whpk8qlp,16.3377135735433,Shanghai
2015-03-20 13:00:00,14.2251915708812,537.213050766284,62.2691475095786,12.1132183908046,1671.83486590038,ci4usvy81000302s7whpk8qlp,15.9176819923372,Shanghai
2015-03-20 14:00:00,14.1726053639847,518.543328544061,62.7589176245211,11.7471264367816,1691.46283524904,ci4usvy81000302s7whpk8qlp,15.7066379310345,Shanghai
2015-03-20 15:00:00,14.6717911877395,377.473683548851,60.0103424329502,6.89808429118774,1671.52954980843,ci4usvy81000302s7whpk8qlp,15.9720198754789,Shanghai
2015-03-20 16:00:00,14.07969348659,419.143229885058,58.9285249042146,4.13429118773947,1626.17318007663,ci4usvy81000302s7whpk8qlp,15.7973563218391,Shanghai
2015-03-20 17:00:00,13.5944444444444,396.378414750958,59.8678831417624,1.49521072796935,1630.31915708812,ci4usvy81000302s7whpk8qlp,15.0824425287356,Shanghai
2015-03-20 18:00:00,13.9976053639847,350.550623563218,61.4979501915709,0.663793103448276,1583.9,ci4usvy81000302s7whpk8qlp,14.936398467433,Shanghai
2015-03-20 19:00:00,14.0226053639847,314.078586206897,61.4136302681992,3.01187739463602,1584.20957854406,ci4usvy81000302s7whpk8qlp,14.9933620689655,Shanghai
2015-03-20 20:00:00,14.7975095785441,278.287473180077,61.2384578544061,2.39367816091954,1629.10766283525,ci4usvy81000302s7whpk8qlp,15.0872413793103,Shanghai
2015-03-20 21:00:00,15.7725095785441,301.442882183908,61.2481130268199,4.67337164750958,1689.5632183908,ci4usvy81000302s7whpk8qlp,15.1122030651341,Shanghai
2015-03-20 22:00:00,17.0608237547893,354.293431992337,61.4671168582375,156.553448275862,1745.76551724138,ci4usvy81000302s7whpk8qlp,15.4551340996169,Shanghai
2015-03-20 23:00:00,18.8627394636015,406.069289272031,56.9674904214559,861.089942528736,1860.35478927203,ci4usvy81000302s7whpk8qlp,16.8147605363985,Shanghai
2015-03-21 00:00:00,16.4227011494253,412.076174329502,51.2214463601533,1739.44626436782,1842.86436781609,ci4usvy81000302s7whpk8qlp,18.8922318007663,Shanghai
2015-03-21 01:00:00,16.6991379310345,437.386778735632,47.5279022988506,2079.89885057471,1843.07509578544,ci4usvy81000302s7whpk8qlp,20.0934865900383,Shanghai
2015-03-21 02:00:00,16.1563218390805,403.85585440613,46.1766570881226,2542.8903256705,1827.40498084291,ci4usvy81000302s7whpk8qlp,20.78719348659,Shanghai
2015-03-21 03:00:00,15.5197318007663,338.571992337165,48.5367528735632,2771.55996168582,1775.82222222222,ci4usvy81000302s7whpk8qlp,20.2209195402299,Shanghai
2015-03-21 04:00:00,15.5477969348659,433.951659961686,32.824061302682,6240.10383141762,1928.14329501916,ci4usvy81000302s7whpk8qlp,24.8806896551724,Shanghai
2015-03-21 05:00:00,15.8964559386973,381.351377394636,31.0548563218391,5816.14818007663,1885.78812260536,ci4usvy81000302s7whpk8qlp,25.5520593869732,Shanghai
2015-03-21 06:00:00,16.2866858237548,529.526869731801,31.3380747126437,10969.4105363985,1895.92988505747,ci4usvy81000302s7whpk8qlp,28.1063505747126,Shanghai
2015-03-21 07:00:00,15.8664750957854,410.634325670498,32.7650766283525,3798.65747126437,1898.07164750958,ci4usvy81000302s7whpk8qlp,25.1571072796935,Shanghai
2015-03-18 08:00:00,11.5562432722898,1733.5459958958,49.0366738072803,811.45932483596,1738.4916412942,ci4usvryz000202s7llxjafaf,18.9935271052738,Singapore
2015-03-18 09:00:00,11.8949966191957,1540.73634946794,50.0816056305759,307.978039894888,1747.90518841697,ci4usvryz000202s7llxjafaf,18.4641078605795,Singapore
2015-03-18 10:00:00,12.3142767042405,1750.60055638458,50.7822945587692,25.2269823842288,1672.49835002893,ci4usvryz000202s7llxjafaf,18.1807594823319,Singapore
2015-03-18 11:00:00,12.1528806792623,1706.67666296872,50.5021062833365,0.0,1667.4932698734,ci4usvryz000202s7llxjafaf,17.6810545353769,Singapore
2015-03-18 12:00:00,12.6651526223137,1587.34361291544,50.8622134855486,0.0,1662.59585336778,ci4usvryz000202s7llxjafaf,17.6085744777874,Singapore
2015-03-18 13:00:00,12.827022357438,1605.75442283706,52.5303538405329,0.0,1676.46321424668,ci4usvryz000202s7llxjafaf,17.5191009543171,Singapore
2015-03-18 14:00:00,12.6273170235279,1567.86554389277,53.9799843707864,0.0,1616.37888409356,ci4usvryz000202s7llxjafaf,17.1605038425921,Singapore
2015-03-18 15:00:00,13.4009654901417,1538.95192081532,52.3890072136314,0.0,1682.92629723372,ci4usvryz000202s7llxjafaf,17.6853386852892,Singapore
2015-03-18 16:00:00,13.6657285357879,1628.15854610736,52.0246536073401,0.0,1649.27673380257,ci4usvryz000202s7llxjafaf,17.5386996575707,Singapore
2015-03-18 17:00:00,13.3198331335197,1641.45249954999,53.834026924354,0.0,1661.78180416305,ci4usvryz000202s7llxjafaf,17.4357824962741,Singapore
2015-03-18 18:00:00,13.9000704916323,1599.4687925038,55.8158362483012,0.0,1642.26116147721,ci4usvryz000202s7llxjafaf,17.3765186657952,Singapore
2015-03-18 19:00:00,15.5981854958543,1549.34733538324,53.8635890013241,0.0,1685.14024820082,ci4usvryz000202s7llxjafaf,17.3670612277057,Singapore
2015-03-18 20:00:00,13.3372797329874,1645.87477445182,55.1928808857327,0.0,1651.74762833613,ci4usvryz000202s7llxjafaf,16.715879478714,Singapore
2015-03-18 21:00:00,12.6676057939645,1590.42837877888,55.0491724723486,0.0,1627.44096887767,ci4usvryz000202s7llxjafaf,16.5389926876548,Singapore
2015-03-18 22:00:00,13.7198490924471,1606.85597345279,54.2565254966017,82.9892317842083,1678.27489297384,ci4usvryz000202s7llxjafaf,16.4859697916265,Singapore
2015-03-18 23:00:00,15.1601141900236,1632.46063977268,58.22862322125,377.153278187862,1681.62373864997,ci4usvryz000202s7llxjafaf,16.8007198701057,Singapore
2015-03-19 00:00:00,15.0936629734999,1697.37649050466,54.1870671773878,723.129579158764,1721.96470104774,ci4usvryz000202s7llxjafaf,17.8187477914598,Singapore
2015-03-19 01:00:00,14.6188255542453,1630.3150982546,49.5392969538708,959.440185145744,1746.65291868899,ci4usvryz000202s7llxjafaf,18.8891846897247,Singapore
2015-03-19 02:00:00,14.9134593033778,1727.49548017156,48.1769206043924,1154.53410833589,1752.99770046569,ci4usvryz000202s7llxjafaf,20.2008702575869,Singapore
2015-03-19 03:00:00,13.9952477251755,1634.20169377848,42.9930257607651,1237.36573713739,1773.21739689046,ci4usvryz000202s7llxjafaf,20.9453978810219,Singapore
2015-03-19 04:00:00,12.4629309130555,1579.2315052075,36.6774983159433,1239.92520262405,1734.44899890999,ci4usvryz000202s7llxjafaf,21.800438737822,Singapore
2015-03-19 05:00:00,11.9813182762183,1545.79724489764,36.2177033975993,1335.08632966785,1709.15326075982,ci4usvryz000202s7llxjafaf,21.9129260083237,Singapore
2015-03-19 06:00:00,11.2859500805153,1604.29513268013,35.9365047703801,1234.19604336929,1743.22418219462,ci4usvryz000202s7llxjafaf,21.172032239415,Singapore
2015-03-19 07:00:00,11.8764880952381,1642.71162523946,39.0791936918446,1112.3140941434,1746.05139573071,ci4usvryz000202s7llxjafaf,21.0149397920088,Singapore
2015-03-19 08:00:00,12.2974331103679,1733.56386205382,46.9379867865417,830.194662218026,1742.74406424747,ci4usvryz000202s7llxjafaf,19.9010134054859,Singapore
2015-03-19 09:00:00,12.7811274600449,1803.93314638248,53.01747787104,336.236745142455,1753.23543419342,ci4usvryz000202s7llxjafaf,18.5447201171653,Singapore
2015-03-19 10:00:00,12.8612819232898,1842.52140741085,55.4831829997768,30.7276024384113,1731.56951059776,ci4usvryz000202s7llxjafaf,17.8631316778897,Singapore
2015-03-19 11:00:00,12.6627937364779,1885.9020258622,57.7931435934923,0.0,1665.49072778099,ci4usvryz000202s7llxjafaf,17.221947456783,Singapore
2015-03-19 12:00:00,13.1582084039149,1821.45904705361,56.2956938170525,0.0,1710.60630936696,ci4usvryz000202s7llxjafaf,17.640557351465,Singapore
2015-03-19 13:00:00,13.2886626721161,1869.93300148322,58.6467638446109,0.0,1687.09020985738,ci4usvryz000202s7llxjafaf,17.0144828110557,Singapore
2015-03-19 14:00:00,13.3209494404231,1776.7344235297,55.9563394795941,0.0,1678.88972940738,ci4usvryz000202s7llxjafaf,17.5177573397024,Singapore
2015-03-19 15:00:00,12.8982617958714,1972.46518294722,59.2831510033988,0.0,1739.36639426201,ci4usvryz000202s7llxjafaf,16.738830434348,Singapore
2015-03-19 16:00:00,12.6814982947336,1751.92984866282,58.3574709553337,0.0,1691.53662756633,ci4usvryz000202s7llxjafaf,17.0903782338758,Singapore
2015-03-19 17:00:00,13.6869735571728,1795.06302085799,57.8086475216276,0.0,1721.10320297523,ci4usvryz000202s7llxjafaf,17.0549029903939,Singapore
2015-03-19 18:00:00,13.4003050907056,1791.95840665898,59.9525412093627,0.0,1638.45411619485,ci4usvryz000202s7llxjafaf,16.5592839682565,Singapore
2015-03-19 19:00:00,13.1229805999627,1728.23066801768,59.2532008688834,0.0,1677.98258879749,ci4usvryz000202s7llxjafaf,17.0645344736489,Singapore
2015-03-19 20:00:00,14.4103617437313,1819.45006027748,60.4449986811681,0.0,1707.12463844952,ci4usvryz000202s7llxjafaf,16.9071551716992,Singapore
2015-03-19 21:00:00,15.734057027233,1736.4740714376,58.1154255813454,0.0,1712.64357992762,ci4usvryz000202s7llxjafaf,17.1890082791856,Singapore
2015-03-19 22:00:00,16.2442752205918,1768.22077287386,56.8817339787474,97.760353743459,1686.44500149979,ci4usvryz000202s7llxjafaf,17.3262405053663,Singapore
2015-03-19 23:00:00,17.7478760801873,1791.61857080291,57.7254662991471,381.782099789989,1699.07178910716,ci4usvryz000202s7llxjafaf,17.3560931994842,Singapore
2015-03-20 00:00:00,16.649788490495,1895.12684850959,58.5465962699899,738.458314585413,1701.86354857646,ci4usvryz000202s7llxjafaf,18.1616315678029,Singapore
2015-03-20 01:00:00,16.7634307555974,1897.12521841123,55.8516435139863,1033.71227831383,1746.21585762729,ci4usvryz000202s7llxjafaf,19.3665938247395,Singapore
2015-03-20 02:00:00,17.7806825464348,1780.19987611129,50.2073464108408,1354.68090475108,1789.33509197557,ci4usvryz000202s7llxjafaf,21.197325015961,Singapore
2015-03-20 03:00:00,18.7575830459082,1662.74936258215,45.4469659320354,1470.31283722486,1833.8120586662,ci4usvryz000202s7llxjafaf,23.403900108837,Singapore
2015-03-20 04:00:00,17.1975288062085,1760.62427143413,44.0754226926534,1426.8823710074,1763.33768979529,ci4usvryz000202s7llxjafaf,24.0846553220981,Singapore
2015-03-20 05:00:00,15.7011906857445,1764.29243688478,43.6911955136354,1401.74671143438,1811.94328756674,ci4usvryz000202s7llxjafaf,23.1937492234861,Singapore
2015-03-20 06:00:00,13.8145819495219,1627.14047471978,38.4643530627071,1295.88414603958,1826.45414307439,ci4usvryz000202s7llxjafaf,23.7121497266038,Singapore
2015-03-20 07:00:00,13.5204482275077,1694.8033970637,40.3367981194477,1138.03584626779,1854.57710302876,ci4usvryz000202s7llxjafaf,23.0561819790198,Singapore
2015-03-20 08:00:00,13.1337616851747,1798.89881249278,44.9498416830119,875.961029570798,1782.1782244313,ci4usvryz000202s7llxjafaf,21.2941688728574,Singapore
2015-03-20 09:00:00,13.0810747366668,1740.08557756096,47.465997166211,334.94248231666,1829.86695015511,ci4usvryz000202s7llxjafaf,20.02840647839,Singapore
2015-03-20 10:00:00,13.3388526570048,1791.21141937464,55.8272054342361,24.5139950980392,1744.96225627598,ci4usvryz000202s7llxjafaf,18.1423578389736,Singapore
2015-03-20 11:00:00,12.9863738457952,1624.94174903039,58.2927440633985,0.0,1797.1301112258,ci4usvryz000202s7llxjafaf,17.8695375253772,Singapore
2015-03-20 12:00:00,12.7981105931106,1702.10968804545,58.1326611938786,0.0,1811.6510343119,ci4usvryz000202s7llxjafaf,17.7968586027499,Singapore
2015-03-20 13:00:00,12.0813878007738,1740.90219781411,58.8772579124968,0.0,1802.1363501611,ci4usvryz000202s7llxjafaf,17.2010030830734,Singapore
2015-03-20 14:00:00,11.8341681969991,1717.39882960791,59.3776968065975,0.0,1771.59832362626,ci4usvryz000202s7llxjafaf,16.9067197021388,Singapore
2015-03-20 15:00:00,11.2713033203496,1688.4544697707,59.1291590818168,0.0,1744.63769087469,ci4usvryz000202s7llxjafaf,16.6631816575881,Singapore
2015-03-20 16:00:00,10.9774751830557,1537.48856667158,57.6781105582584,0.0,1823.63548085901,ci4usvryz000202s7llxjafaf,16.5118688387636,Singapore
2015-03-20 17:00:00,10.751424795682,1621.77874000853,58.031659897318,0.0,1743.6988834292,ci4usvryz000202s7llxjafaf,16.1695996318002,Singapore
2015-03-20 18:00:00,11.7965701506893,1529.39139654816,54.9064475477765,0.0,1765.89056913966,ci4usvryz000202s7llxjafaf,16.8786127335327,Singapore
2015-03-20 19:00:00,12.0250874817332,1505.32611996076,54.7411218943923,0.0,1743.58482587665,ci4usvryz000202s7llxjafaf,17.0427105110543,Singapore
2015-03-20 20:00:00,11.9489586688137,1500.83109204767,55.5258341414744,0.0,1767.84306104277,ci4usvryz000202s7llxjafaf,16.9290910398752,Singapore
2015-03-20 21:00:00,12.585713473677,1639.09091411918,56.5038243260008,0.0,1762.44934923228,ci4usvryz000202s7llxjafaf,16.6772195228282,Singapore
2015-03-20 22:00:00,13.1321016041125,1654.8260500426,58.1615439992422,92.5676511969212,1783.15435114142,ci4usvryz000202s7llxjafaf,16.5494549751896,Singapore
2015-03-20 23:00:00,14.3877820594359,1774.07595835706,56.0719615487406,536.242259139813,1673.56681743551,ci4usvryz000202s7llxjafaf,17.1613483102891,Singapore
2015-03-21 00:00:00,13.2798817848818,1721.48306894875,56.2590287845502,1053.24768790388,1726.32986853726,ci4usvryz000202s7llxjafaf,17.8604469202295,Singapore
2015-03-21 01:00:00,12.8746703199864,1582.16432613912,52.3884735048672,1270.60413267242,1696.25705789458,ci4usvryz000202s7llxjafaf,19.0105607283826,Singapore
2015-03-21 02:00:00,13.5162230719248,1655.05351357275,49.319834748747,1665.88668823866,1745.34905523976,ci4usvryz000202s7llxjafaf,20.0956573858241,Singapore
2015-03-21 03:00:00,12.3461225046036,1772.03452361948,51.7257079690624,1615.19000723625,1767.52648212279,ci4usvryz000202s7llxjafaf,19.4306989397214,Singapore
2015-03-21 04:00:00,11.8012114197531,1565.99235090862,38.5928630603238,1703.03433236471,1737.51679606886,ci4usvryz000202s7llxjafaf,21.3590439355942,Singapore
2015-03-21 05:00:00,12.3429318563174,1621.64153035867,42.2711749034155,1696.91802147187,1872.12830376595,ci4usvryz000202s7llxjafaf,21.8340821205294,Singapore
2015-03-21 06:00:00,12.0350485452787,1758.25267000735,48.0760931158214,1566.13188257998,1715.75526436243,ci4usvryz000202s7llxjafaf,20.3558136799617,Singapore
2015-03-21 07:00:00,12.1501672616165,1627.5224671613,44.1404135201889,1160.58688006974,1794.97988862989,ci4usvryz000202s7llxjafaf,20.2992602042348,Singapore
